Demand_Point_Lat,Demand_Point_Lon,Cluster_ID,Demand_Frequency
17.453986999999998,78.256103,0,10
17.31634222222222,78.6557,1,9
17.246368333333333,78.38774416666666,2,12
17.60047,78.48246714285715,3,7
17.42918375,78.6754525,4,8
17.21907285714286,78.54096285714286,5,14
17.567623636363635,78.36138818181819,6,11
17.37607357142857,78.34989714285715,7,14
17.534415384615386,78.25413384615385,8,13
17.547527777777777,78.62903777777778,9,9
